Modelo,R²,MAE,RMSE,MAPE %,Ganancia vs Baseline R²
Baseline (Media),-0.0001,20.36,26.7,7.035009522196704e+17,0.0
Ridge Regression,0.9356,5.24,6.77,1.218941868692948e+17,0.9357
Random Forest,0.9997,0.13,0.44,0.43,0.9998
XGBoost,0.9996,0.3,0.54,332346415516877.8,0.9997
